id,name,wkt
1,6287,"POLYGON((529584.978 5074168.937,529583.385 5074150.62,529491.354 5074175.0,529500.973 5074199.0))"
2,6296,"POLYGON((529600.649 5074241.0,529594.283 5074243.0,529480.412 5074324.0,529541.869 5074337.0,529541.869 5074336.0,529542.254 5074336.0,529546.869 5074332.0,529546.869 5074331.0,529547.126 5074331.0,529551.869 5074326.0,529551.869 5074326.0,529551.998 5074326.0,529556.869 5074321.0,529561.869 5074321.0,529571.869 5074321.0,529596.869 5074281.0,529596.869 5074256.0,529600.649 5074241.0))"
3,10506,"POLYGON((528028.426 5074814.389,527954.494 5074789.919,527946.685 5074837.298,528009.627 5074863.764))"
4,10507,"POLYGON((528040.401 5074752.433,527960.131 5074733.274,527961.516 5074754.0,528039.359 5074774.3))"
5,10509,"POLYGON((528098.713 5074711.822,528070.077 5074765.449,528111.994 5074778.271,528133.596 5074761.284,528123.183 5074732.648))"
6,10562,"POLYGON((529158.545 5073624.0,529103.8 5073612.0,529096.395 5073632.0,529096.515 5073633.0,529133.038 5073635.0,529158.545 5073624.0))"
7,25030,"POLYGON((529949.563 5072489.785,529974.704 5072484.413,529967.605 5072427.148,529946.308 5072418.156,529923.118 5072395.912))"
8,25031,"POLYGON((529936.842 5072442.293,529928.324 5072421.942,529874.371 5072434.247,529886.203 5072465.956))"
9,25032,"POLYGON((529908.446 5072492.459,529948.101 5072490.516,529934.476 5072446.079,529885.73 5072467.376,529897.088 5072497.192))"
10,25033,"POLYGON((529896.615 5072498.611,529872.579 5072434.0,529847.242 5072445.0,529872.951 5072499.558))"
11,25034,"POLYGON((529873.425 5072500.504,529854.494 5072462.643,529831.304 5072463.59,529815.828 5072466.0,529810.953 5072486.78,529837.456 5072498.138))"
12,25035,"POLYGON((529815.828 5072466.0,529791.549 5072447.025,529776.878 5072464.536,529810.007 5072487.253,529815.828 5072466.0))"
13,25036,"POLYGON((529748.009 5072436.14,529774.985 5072389.76,529703.048 5072402.538))"
14,25037,"POLYGON((529765.046 5072487.726,529758.894 5072455.544,529700.209 5072460.277,529685.064 5072485.833,529704.941 5072509.023,529731.444 5072498.611))"
15,25038,"POLYGON((529579.525 5072606.043,529660.454 5072561.556,529647.367 5072542.0,529554.491 5072592.0,529568.167 5072601.311))"
16,25039,"POLYGON((529671.812 5072527.481,529649.569 5072494.352,529605.082 5072478.261,529571.953 5072518.015,529554.491 5072592.0))"
17,25040,"POLYGON((529460.735 5072564.396,529428.079 5072565.815,529354.25 5072588.059,529350.937 5072599.417,529461.681 5072607.463))"
18,25041,"POLYGON((529848.341 5072445.605,529839.349 5072433.774,529810.953 5072412.95,529790.603 5072447.498,529815.828 5072466.0,529854.494 5072462.17))"
19,25042,"POLYGON((529839.043 5072401.0,529820.892 5072403.958,529810.953 5072413.423,529839.823 5072434.72,529839.043 5072401.0))"
20,25043,"POLYGON((529872.579 5072434.0,529869.165 5072413.423,529838.403 5072409.164,529839.823 5072433.774,529848.815 5072443.712,529872.579 5072434.0))"
21,25045,"POLYGON((529270.256 5073295.0,529266.869 5073291.0,529261.869 5073286.0,529256.869 5073281.0,529251.869 5073276.0,529246.869 5073271.0,529241.869 5073266.0,529231.869 5073271.0,529226.869 5073271.0,529171.869 5073261.0,529146.869 5073261.0,529141.869 5073266.0,529038.653 5073291.313,529080.861 5073348.653,529127.848 5073327.947,529233.319 5073421.0,529270.256 5073295.0))"
22,25046,"POLYGON((529127.052 5073327.947,529080.861 5073350.246,529128.463 5073402.0,529257.739 5073490.0,529233.319 5073421.0))"
23,25047,"POLYGON((529283.735 5073526.0,529257.739 5073490.0,529128.463 5073402.0,529105.127 5073462.0,529107.4 5073470.0,529281.869 5073532.0,529281.869 5073531.0,529283.735 5073526.0))"
24,25048,"POLYGON((529281.869 5073543.0,529281.869 5073532.0,529107.4 5073470.0,529098.888 5073516.0,529117.825 5073547.0,529281.869 5073543.0))"
25,25049,"POLYGON((529258.457 5073644.911,529281.869 5073596.0,529281.869 5073543.0,529117.825 5073547.0,529112.591 5073571.0,529201.295 5073627.0))"
26,25050,"POLYGON((529112.591 5073571.0,529102.287 5073586.0,529101.559 5073588.0,529103.8 5073612.0,529158.545 5073624.0,529201.295 5073627.0,529112.591 5073571.0))"
27,25051,"POLYGON((529257.66 5073644.911,529201.295 5073627.0,529158.545 5073624.0,529133.038 5073635.0,529131.391 5073637.0,529132.964 5073655.0,529250.493 5073669.599))"
28,25052,"POLYGON((529131.391 5073637.0,529133.038 5073635.0,529096.515 5073633.0,529097.577 5073641.0,529105.734 5073650.0,529131.391 5073637.0))"
29,25053,"POLYGON((529250.493 5073669.599,529132.964 5073655.0,529113.606 5073654.0,529120.062 5073670.0,529131.648 5073676.0,529247.307 5073687.12))"
30,25054,"POLYGON((529127.848 5073675.97,529122.629 5073683.0,529118.087 5073685.0,529111.876 5073699.0,529250.493 5073698.269,529247.307 5073685.527))"
31,25055,"POLYGON((529127.17 5073681.0,529127.224 5073678.0,529119.669 5073680.0,529118.087 5073685.0,529127.17 5073681.0))"
32,25057,"POLYGON((529226.601 5073734.903,529107.415 5073730.0,529106.049 5073749.0,529220.23 5073760.388))"
33,25058,"POLYGON((529220.72 5073778.0,529221.026 5073759.592,529106.049 5073749.0,529102.509 5073761.0,529208.122 5073780.0,529220.72 5073778.0))"
34,25059,"POLYGON((529191.702 5073784.0,529208.122 5073780.0,529102.509 5073761.0,529085.485 5073780.0,529083.308 5073796.0,529191.702 5073784.0))"
35,25060,"POLYGON((529191.702 5073784.0,529083.308 5073796.0,529082.394 5073798.0,529079.756 5073807.0,529088.662 5073815.0,529097.902 5073822.0,529112.668 5073830.0,529191.702 5073784.0))"
36,25061,"POLYGON((529157.385 5073833.0,529124.654 5073838.0,529134.311 5073851.0,529157.385 5073833.0))"
37,25062,"POLYGON((529137.323 5073884.0,529139.553 5073873.0,529134.311 5073851.0,529124.654 5073838.0,529114.631 5073833.0,529112.653 5073873.0,529121.892 5073885.0,529137.323 5073884.0))"
38,25063,"POLYGON((529114.631 5073833.0,529112.668 5073830.0,529097.902 5073822.0,529098.987 5073867.0,529112.653 5073873.0,529114.631 5073833.0))"
39,25064,"POLYGON((529089.262 5073865.0,529088.662 5073815.0,529079.756 5073807.0,529077.704 5073808.0,529074.178 5073868.0,529089.262 5073865.0))"
40,25065,"POLYGON((529074.178 5073868.0,529077.704 5073808.0,529069.626 5073811.0,529057.754 5073832.0,529054.982 5073883.0,529055.685 5073883.0,529074.178 5073868.0))"
41,25066,"POLYGON((529057.754 5073832.0,529069.626 5073811.0,529031.098 5073808.0,529029.321 5073809.0,529022.441 5073815.0,529022.022 5073835.0,529038.209 5073844.0,529057.754 5073832.0))"
42,25067,"POLYGON((529077.704 5073808.0,529079.756 5073807.0,529082.394 5073798.0,529025.784 5073761.0,529025.695 5073761.0,529031.098 5073808.0,529069.626 5073811.0,529077.704 5073808.0))"
43,25068,"POLYGON((529083.308 5073796.0,529085.485 5073780.0,529081.666 5073774.0,529051.393 5073757.0,529026.357 5073758.0,529025.784 5073761.0,529082.394 5073798.0,529083.308 5073796.0))"
44,25069,"POLYGON((529071.214 5073717.0,529064.257 5073717.0,529054.037 5073721.0,529056.388 5073748.0,529074.954 5073753.0,529071.214 5073717.0))"
45,25070,"POLYGON((529051.393 5073757.0,529056.388 5073748.0,529054.037 5073721.0,529049.382 5073722.0,529036.154 5073726.0,529023.229 5073733.0,529022.291 5073736.0,529026.357 5073758.0,529051.393 5073757.0))"
46,25071,"POLYGON((529102.509 5073761.0,529106.049 5073749.0,529107.415 5073730.0,529093.316 5073710.0,529082.439 5073710.0,529071.214 5073717.0,529074.954 5073753.0,529081.666 5073774.0,529085.485 5073780.0,529102.509 5073761.0))"
47,25072,"POLYGON((529012.298 5073769.0,528989.939 5073774.0,528988.026 5073788.0,529010.86 5073789.0,529012.298 5073769.0))"
48,25073,"POLYGON((529020.327 5073838.0,529022.022 5073835.0,529022.441 5073815.0,528975.32 5073817.0,528973.301 5073818.0,528983.547 5073831.0,529003.708 5073843.0,529020.327 5073838.0))"
49,25074,"POLYGON((529013.539 5073794.0,529010.86 5073789.0,528988.026 5073788.0,528986.101 5073794.0,529013.539 5073794.0))"
50,25075,"POLYGON((528973.301 5073818.0,528975.32 5073817.0,528986.101 5073794.0,528988.026 5073788.0,528989.939 5073774.0,528968.746 5073749.0,528967.924 5073749.0,528926.829 5073775.0,528930.102 5073790.0,528945.625 5073811.0,528950.657 5073816.0,528956.353 5073819.0,528961.093 5073819.0,528973.301 5073818.0))"
51,25076,"POLYGON((529012.298 5073769.0,529025.695 5073761.0,529025.784 5073761.0,529026.357 5073758.0,529022.291 5073736.0,528968.746 5073749.0,528989.939 5073774.0,529012.298 5073769.0))"
52,25077,"POLYGON((529022.291 5073736.0,529023.229 5073733.0,529009.448 5073715.0,528969.785 5073732.0,528967.332 5073741.0,528967.924 5073749.0,528968.746 5073749.0,529022.291 5073736.0))"
53,25078,"POLYGON((529009.448 5073715.0,529003.571 5073702.0,528988.289 5073698.0,528976.18 5073701.0,528970.404 5073714.0,528969.785 5073732.0,529009.448 5073715.0))"
54,25079,"POLYGON((529036.154 5073726.0,529030.053 5073693.0,529009.488 5073694.0,529003.571 5073702.0,529009.448 5073715.0,529023.229 5073733.0,529036.154 5073726.0))"
55,25080,"POLYGON((529049.382 5073722.0,529036.867 5073689.0,529035.627 5073689.0,529030.053 5073693.0,529036.154 5073726.0,529049.382 5073722.0))"
56,25081,"POLYGON((529054.037 5073721.0,529064.257 5073717.0,529047.309 5073690.0,529036.867 5073689.0,529049.382 5073722.0,529054.037 5073721.0))"
57,25082,"POLYGON((529071.214 5073717.0,529082.439 5073710.0,529063.387 5073668.0,529062.719 5073668.0,529047.309 5073690.0,529064.257 5073717.0,529071.214 5073717.0))"
58,25083,"POLYGON((529093.316 5073710.0,529099.117 5073704.0,529099.409 5073682.0,529070.945 5073664.0,529063.387 5073668.0,529082.439 5073710.0,529093.316 5073710.0))"
59,25084,"POLYGON((529111.876 5073699.0,529118.087 5073685.0,529119.669 5073680.0,529120.062 5073670.0,529113.606 5073654.0,529105.948 5073651.0,529099.409 5073682.0,529099.117 5073704.0,529111.876 5073699.0))"
60,25085,"POLYGON((529105.948 5073651.0,529105.734 5073650.0,529097.577 5073641.0,529070.945 5073664.0,529099.409 5073682.0,529105.948 5073651.0))"
61,25086,"POLYGON((529070.945 5073664.0,529097.577 5073641.0,529096.515 5073633.0,529096.395 5073632.0,529051.808 5073625.0,529059.07 5073666.0,529062.719 5073668.0,529063.387 5073668.0,529070.945 5073664.0))"
62,25087,"POLYGON((529051.808 5073625.0,529048.694 5073623.0,529047.784 5073624.0,529031.723 5073644.0,529029.578 5073664.0,529033.101 5073666.0,529059.07 5073666.0,529051.808 5073625.0))"
63,25088,"POLYGON((529029.578 5073664.0,529031.723 5073644.0,529005.07 5073632.0,529005.496 5073662.0,529014.064 5073667.0,529029.578 5073664.0))"
64,25089,"POLYGON((529047.784 5073624.0,529018.21 5073621.0,528999.541 5073620.0,529005.07 5073632.0,529031.723 5073644.0,529047.784 5073624.0))"
65,25090,"POLYGON((529048.694 5073623.0,529048.176 5073599.0,529039.589 5073588.0,529018.21 5073621.0,529047.784 5073624.0,529048.694 5073623.0))"
66,25091,"POLYGON((529005.496 5073662.0,529005.07 5073632.0,528999.541 5073620.0,528975.84 5073600.0,528968.935 5073643.0,528978.03 5073660.0,528987.576 5073664.0,529005.496 5073662.0))"
67,25092,"POLYGON((528913.272 5073671.0,528968.935 5073643.0,528975.84 5073600.0,528968.604 5073580.0,528937.448 5073573.0,528816.766 5073625.0,528854.9 5073670.0,528870.37 5073682.0,528873.659 5073682.0,528913.272 5073671.0))"
68,25093,"POLYGON((528978.03 5073660.0,528968.935 5073643.0,528913.272 5073671.0,528967.429 5073674.0,528978.03 5073660.0))"
69,25094,"POLYGON((528967.429 5073674.0,528913.272 5073671.0,528873.659 5073682.0,528889.055 5073687.0,528968.567 5073694.0,528967.429 5073674.0))"
70,25095,"POLYGON((528976.18 5073701.0,528968.567 5073694.0,528889.055 5073687.0,528919.873 5073703.0,528970.404 5073714.0,528976.18 5073701.0))"
71,25096,"POLYGON((529062.719 5073668.0,529059.07 5073666.0,529033.101 5073666.0,529035.627 5073689.0,529036.867 5073689.0,529047.309 5073690.0,529062.719 5073668.0))"
72,25097,"POLYGON((529030.053 5073693.0,529035.627 5073689.0,529033.101 5073666.0,529029.578 5073664.0,529014.064 5073667.0,529009.488 5073694.0,529030.053 5073693.0))"
73,25098,"POLYGON((529009.488 5073694.0,529014.064 5073667.0,529005.496 5073662.0,528987.576 5073664.0,528988.289 5073698.0,529003.571 5073702.0,529009.488 5073694.0))"
74,25099,"POLYGON((528988.289 5073698.0,528987.576 5073664.0,528978.03 5073660.0,528967.429 5073674.0,528968.567 5073694.0,528976.18 5073701.0,528988.289 5073698.0))"
75,25100,"POLYGON((529055.685 5073883.0,529054.982 5073883.0,529036.076 5073871.0,529020.683 5073868.0,529007.643 5073872.0,528994.752 5073880.0,528993.391 5073881.0,528997.396 5073903.0,529062.469 5073925.0,529055.685 5073883.0))"
76,25101,"POLYGON((529069.286 5073937.0,529062.469 5073925.0,528997.396 5073903.0,528994.45 5073907.0,528975.611 5073943.0,529067.555 5073945.0,529069.286 5073937.0))"
77,25102,"POLYGON((529067.854 5073950.0,529067.555 5073945.0,528975.611 5073943.0,528940.982 5073969.0,528930.8 5073985.0,528932.252 5073997.0,528944.856 5074031.0,528947.848 5074036.0,529067.854 5073950.0))"
78,25103,"POLYGON((529088.373 5073989.0,529084.244 5073978.0,529067.854 5073950.0,528986.091 5074009.659,528998.036 5074046.293,529088.373 5073989.0))"
79,25104,"POLYGON((529030.851 5074128.0,529094.966 5074060.0,529068.377 5074040.0,529009.982 5074090.094,529030.851 5074128.0))"
80,25105,"POLYGON((529150.703 5074096.0,529148.268 5074075.0,529140.942 5074071.0,529130.793 5074065.0,529057.501 5074126.0,529103.464 5074133.0,529150.703 5074096.0))"
81,25106,"POLYGON((529149.186 5074132.0,529171.224 5074115.0,529150.703 5074096.0,529103.464 5074133.0,529115.117 5074144.0,529149.186 5074132.0))"
82,25107,"POLYGON((529174.508 5074118.0,529171.224 5074115.0,529149.186 5074132.0,529138.143 5074170.0,529178.209 5074221.0,529174.508 5074118.0))"
83,25108,"POLYGON((529192.255 5074229.0,529214.324 5074210.0,529230.765 5074180.0,529219.786 5074102.0,529174.508 5074118.0,529178.209 5074221.0,529183.794 5074235.0,529192.255 5074229.0))"
84,25109,"POLYGON((529278.351 5074146.0,529279.167 5074126.0,529245.089 5074064.0,529219.786 5074102.0,529230.765 5074180.0,529278.351 5074146.0))"
85,25110,"POLYGON((529310.597 5074114.0,529308.671 5074094.0,529296.302 5074062.0,529293.409 5074061.0,529249.012 5074056.0,529245.971 5074057.0,529245.089 5074064.0,529279.167 5074126.0,529310.597 5074114.0))"
86,25111,"POLYGON((529354.441 5074056.0,529296.302 5074062.0,529308.671 5074094.0,529354.654 5074100.0,529354.441 5074056.0))"
87,25112,"POLYGON((529315.891 5073911.0,529251.857 5073914.0,529186.138 5073973.0,529213.408 5074009.0,529315.891 5073911.0))"
88,25113,"POLYGON((529251.857 5073914.0,529213.182 5073903.0,529192.282 5073917.0,529181.23 5073950.0,529180.871 5073965.0,529183.788 5073971.0,529186.138 5073973.0,529251.857 5073914.0))"
89,25114,"POLYGON((529213.182 5073903.0,529208.983 5073890.0,529190.923 5073882.0,529168.15 5073891.0,529165.425 5073893.0,529192.282 5073917.0,529213.182 5073903.0))"
90,25115,"POLYGON((529190.923 5073882.0,529186.046 5073861.0,529168.15 5073891.0,529190.923 5073882.0))"
91,25116,"POLYGON((529299.073 5073996.12,529249.012 5074056.0,529293.409 5074061.0,529317.39 5074008.066))"
92,25117,"POLYGON((529249.012 5074056.0,529298.276 5073997.713,529260.846 5073961.079,529213.408 5074009.0,529216.035 5074028.0,529216.664 5074030.0,529245.971 5074057.0,529249.012 5074056.0))"
93,25118,"POLYGON((529095.196 5074243.798,529174.039 5074260.522,529183.596 5074234.242,529177.225 5074215.924,529104.753 5074133.1,529061.748 5074124.339,529031.485 5074128.321,529046.616 5074192.829,529017.946 5074298.749,529065.73 5074303.528))"
94,25119,"POLYGON((529301.298 5074207.0,529315.165 5074199.0,529303.704 5074160.0,529278.351 5074146.0,529230.765 5074180.0,529214.324 5074210.0,529301.298 5074207.0))"
95,25120,"POLYGON((529357.621 5074193.0,529342.842 5074136.0,529303.704 5074160.0,529315.165 5074199.0,529326.466 5074201.0,529357.621 5074193.0))"
96,25121,"POLYGON((529342.842 5074136.0,529348.298 5074124.0,529310.597 5074114.0,529279.167 5074126.0,529278.351 5074146.0,529303.704 5074160.0,529342.842 5074136.0))"
97,25122,"POLYGON((529356.278 5074118.0,529354.654 5074100.0,529308.671 5074094.0,529310.597 5074114.0,529348.298 5074124.0,529356.278 5074118.0))"
98,25123,"POLYGON((529461.469 5074116.0,529367.563 5074038.329,529354.441 5074056.0,529354.654 5074100.0,529356.278 5074118.0,529428.008 5074142.0,529461.469 5074116.0))"
99,25124,"POLYGON((529494.521 5074227.0,529500.973 5074199.0,529491.354 5074175.0,529461.469 5074116.0,529428.008 5074142.0,529419.6 5074165.0,529455.745 5074239.0,529472.5 5074249.0,529494.521 5074227.0))"
100,25125,"POLYGON((529455.745 5074239.0,529419.6 5074165.0,529376.822 5074198.0,529382.054 5074230.0,529389.887 5074239.0,529417.754 5074243.0,529455.745 5074239.0))"
101,25126,"POLYGON((529382.054 5074230.0,529376.822 5074198.0,529357.621 5074193.0,529326.466 5074201.0,529332.678 5074234.0,529355.356 5074245.0,529382.054 5074230.0))"
102,25127,"POLYGON((529332.678 5074234.0,529326.466 5074201.0,529315.165 5074199.0,529301.298 5074207.0,529300.784 5074226.0,529318.764 5074254.0,529332.678 5074234.0))"
103,25128,"POLYGON((529300.784 5074226.0,529301.298 5074207.0,529214.324 5074210.0,529192.255 5074229.0,529293.879 5074238.0,529300.784 5074226.0))"
104,25129,"POLYGON((529293.879 5074238.0,529192.255 5074229.0,529183.794 5074235.0,529174.039 5074260.522,529284.738 5074303.528,529293.879 5074238.0))"
105,25130,"POLYGON((529331.725 5074307.51,529318.764 5074254.0,529300.784 5074226.0,529293.879 5074238.0,529283.941 5074303.528))"
106,25131,"POLYGON((529355.356 5074245.0,529332.678 5074234.0,529318.764 5074254.0,529332.521 5074309.899,529355.356 5074245.0))"
107,25132,"POLYGON((529389.887 5074239.0,529382.054 5074230.0,529355.356 5074245.0,529332.521 5074309.899,529377.119 5074314.677,529389.887 5074239.0))"
108,25133,"POLYGON((529417.754 5074243.0,529389.887 5074239.0,529377.916 5074315.474,529404.197 5074317.863,529417.754 5074243.0))"
109,25135,"POLYGON((529594.283 5074243.0,529494.521 5074227.0,529472.5 5074249.0,529480.412 5074324.0,529594.283 5074243.0))"
110,25136,"POLYGON((529585.774 5074169.734,529500.973 5074199.0,529494.521 5074227.0,529594.283 5074243.0))"
111,25138,"POLYGON((529583.385 5074150.62,529460.741 5074115.579,529461.469 5074116.0,529491.354 5074175.0))"
112,25139,"POLYGON((529168.15 5073891.0,529186.046 5073861.0,529186.969 5073844.0,529146.783 5073889.0,529147.22 5073890.0,529165.425 5073893.0,529168.15 5073891.0))"
113,25140,"POLYGON((529186.969 5073844.0,529202.308 5073803.0,529168.948 5073829.0,529139.553 5073873.0,529137.323 5073884.0,529146.783 5073889.0,529186.969 5073844.0))"
114,25141,"POLYGON((529168.948 5073829.0,529157.385 5073833.0,529134.311 5073851.0,529139.553 5073873.0,529168.948 5073829.0))"
115,25142,"POLYGON((528953.906 5073388.0,528953.392 5073346.0,528918.814 5073293.0,528895.018 5073278.0,528893.621 5073382.0,528907.49 5073390.0,528953.906 5073388.0))"
116,25143,"POLYGON((529026.747 5073280.0,528918.814 5073293.0,528953.392 5073346.0,529026.747 5073280.0))"
117,25144,"POLYGON((529048.209 5073301.666,529026.747 5073280.0,528953.392 5073346.0,528953.906 5073388.0,528957.007 5073390.0))"
118,25145,"POLYGON((529080.861 5073351.042,529047.413 5073300.87,528957.007 5073390.0,528976.066 5073411.0,528998.747 5073415.0))"
119,25146,"POLYGON((529128.463 5073402.0,529080.861 5073351.042,528998.747 5073415.0,529024.824 5073446.0,529045.285 5073457.0,529105.127 5073462.0,529128.463 5073402.0))"
120,25147,"POLYGON((529098.888 5073516.0,529107.4 5073470.0,529105.127 5073462.0,529045.285 5073457.0,529024.423 5073542.0,529098.888 5073516.0))"
121,25148,"POLYGON((529112.591 5073571.0,529117.825 5073547.0,529098.888 5073516.0,529024.423 5073542.0,529019.521 5073545.0,529102.287 5073586.0,529112.591 5073571.0))"
122,25149,"POLYGON((529101.559 5073588.0,529102.287 5073586.0,529019.521 5073545.0,529019.083 5073546.0,529013.617 5073554.0,529039.589 5073588.0,529048.176 5073599.0,529101.559 5073588.0))"
123,25150,"POLYGON((529103.8 5073612.0,529101.559 5073588.0,529048.176 5073599.0,529048.694 5073623.0,529051.808 5073625.0,529096.395 5073632.0,529103.8 5073612.0))"
124,25151,"POLYGON((529024.824 5073446.0,528998.747 5073415.0,528976.066 5073411.0,528945.957 5073477.0,528996.123 5073503.0,529024.824 5073446.0))"
125,25152,"POLYGON((528945.957 5073477.0,528976.066 5073411.0,528957.007 5073390.0,528953.906 5073388.0,528907.49 5073390.0,528883.513 5073456.0,528944.905 5073478.0,528945.957 5073477.0))"
126,25153,"POLYGON((528883.513 5073456.0,528907.49 5073390.0,528893.621 5073382.0,528852.168 5073379.0,528825.224 5073442.0,528860.438 5073467.0,528883.513 5073456.0))"
127,25154,"POLYGON((528825.224 5073442.0,528852.168 5073379.0,528826.753 5073351.0,528758.367 5073419.0,528760.715 5073423.0,528780.597 5073438.0,528799.349 5073445.0,528799.965 5073445.0,528825.224 5073442.0))"
128,25155,"POLYGON((528826.753 5073351.0,528816.459 5073310.426,528723.908 5073384.0,528743.056 5073408.0,528758.367 5073419.0,528826.753 5073351.0))"
129,25156,"POLYGON((528812.477 5073287.331,528698.593 5073343.078,528723.268 5073383.0,528723.908 5073384.0,528816.459 5073310.426))"
130,25157,"POLYGON((528823.627 5073233.176,528827.608 5073198.135,528677.09 5073124.07,528622.936 5073163.89,528702.575 5073255.475,528661.959 5073284.145,528698.593 5073342.282,528817.255 5073284.942))"
131,25158,"POLYGON((528944.905 5073478.0,528883.513 5073456.0,528860.438 5073467.0,528859.73 5073501.0,528932.147 5073512.0,528944.905 5073478.0))"
132,25159,"POLYGON((529013.617 5073554.0,529019.083 5073546.0,528996.123 5073503.0,528945.957 5073477.0,528944.905 5073478.0,528932.147 5073512.0,528972.552 5073549.344,528983.701 5073569.254,529013.617 5073554.0))"
133,25160,"POLYGON((529153.901 5074024.0,529115.002 5074019.0,529119.902 5074050.0,529130.793 5074065.0,529140.942 5074071.0,529153.901 5074024.0))"
134,25161,"POLYGON((529213.408 5074009.0,529186.138 5073973.0,529183.788 5073971.0,529107.035 5074005.0,529115.002 5074019.0,529153.901 5074024.0,529216.035 5074028.0,529213.408 5074009.0))"
135,25162,"POLYGON((529216.664 5074030.0,529216.035 5074028.0,529153.901 5074024.0,529140.942 5074071.0,529148.268 5074075.0,529216.664 5074030.0))"
136,25163,"POLYGON((529183.788 5073971.0,529180.871 5073965.0,529151.244 5073952.0,529084.244 5073978.0,529088.373 5073989.0,529094.781 5073998.0,529107.035 5074005.0,529183.788 5073971.0))"
137,25164,"POLYGON((529181.23 5073950.0,529155.623 5073918.0,529141.134 5073942.0,529151.244 5073952.0,529180.871 5073965.0,529181.23 5073950.0))"
138,25247,"POLYGON((529235.361 5073773.13,529220.72 5073778.0,529202.308 5073803.0,529186.969 5073844.0,529186.046 5073861.0,529190.923 5073882.0,529208.983 5073890.0))"
139,25255,"POLYGON((529270.256 5073295.0,529233.319 5073421.0,529257.739 5073490.0,529283.735 5073526.0,529286.869 5073516.0,529296.869 5073496.0,529296.869 5073446.0,529290.869 5073441.0,529286.869 5073441.0,529286.869 5073438.0,529284.869 5073436.0,529281.869 5073436.0,529281.869 5073434.0,529278.869 5073431.0,529276.869 5073431.0,529276.869 5073430.0,529272.869 5073426.0,529271.869 5073426.0,529271.869 5073425.0,529266.869 5073421.0,529266.869 5073406.0,529281.869 5073331.0,529281.869 5073306.0,529276.869 5073301.0,529271.869 5073296.0,529270.256 5073295.0))"
140,25318,"POLYGON((529152.118 5072207.354,529128.717 5072259.773,529124.754 5072269.0,529135.411 5072281.0,529162.415 5072284.11))"
141,25319,"POLYGON((529139.013 5072154.0,529091.761 5072238.0,529107.62 5072258.0,529124.754 5072269.0,529151.182 5072210.162))"
142,25320,"POLYGON((529118.216 5072111.626,529069.15 5072210.0,529085.364 5072235.0,529091.761 5072238.0,529138.077 5072149.32))"
143,25321,"POLYGON((529109.217 5072090.324,529091.249 5072069.378,529059.51 5072099.0,529040.445 5072169.0,529060.72 5072208.0,529069.15 5072210.0,529117.265 5072110.445))"
144,25322,"POLYGON((529060.72 5072208.0,529040.445 5072169.0,529022.008 5072187.697,529043.537 5072215.779,529060.72 5072208.0))"
145,25323,"POLYGON((529085.364 5072235.0,529069.15 5072210.0,529060.72 5072208.0,529042.601 5072216.715,529055.706 5072242.924,529085.364 5072235.0))"
146,25324,"POLYGON((529106.98 5072256.347,529091.761 5072238.0,529085.364 5072235.0,529055.706 5072243.86,529064.13 5072272.877,529107.62 5072258.0))"
147,25325,"POLYGON((529135.411 5072281.0,529124.754 5072269.0,529107.62 5072258.0,529065.066 5072273.813,529074.427 5072300.023,529135.411 5072281.0))"
148,25326,"POLYGON((529132.461 5072324.36,529132.461 5072282.238,529075.363 5072300.023,529081.915 5072330.912))"
149,25327,"POLYGON((529131.525 5072323.424,529084.723 5072332.784,529083.787 5072361.801,529138.077 5072383.33))"
150,25328,"POLYGON((529022.008 5072186.761,529040.445 5072169.0,529059.51 5072099.0,528993.927 5072129.663))"
151,25329,"POLYGON((529137.141 5072380.522,529081.915 5072361.801,529062.258 5072383.33,529090.919 5072404.0,529106.775 5072407.0))"
152,25330,"POLYGON((529090.919 5072404.0,529040.729 5072375.842,529035.113 5072417.964,529090.919 5072404.0))"
153,25331,"POLYGON((529049.153 5072450.725,529106.775 5072407.0,529090.919 5072404.0,529035.113 5072417.964))"
154,25332,"POLYGON((529059.45 5072482.551,529099.7 5072439.493,529093.147 5072419.836,529049.153 5072450.725))"
155,25333,"POLYGON((529121.229 5072461.958,529102.508 5072436.685,529060.386 5072480.679,529070.682 5072490.975))"
156,25334,"POLYGON((529102.602 5072514.0,529122.069 5072465.0,529068.81 5072489.103,529102.602 5072514.0))"
157,25335,"POLYGON((529135.863 5072495.0,529140.886 5072478.807,529122.069 5072465.0,529102.602 5072514.0,529106.689 5072514.0,529135.863 5072495.0))"
158,25336,"POLYGON((529143.512 5072523.0,529145.124 5072520.0,529135.863 5072495.0,529106.689 5072514.0,529122.193 5072527.0,529143.512 5072523.0))"
159,25337,"POLYGON((529163.161 5072560.621,529143.512 5072523.0,529122.193 5072527.0,529135.776 5072575.631,529151.067 5072569.192))"
160,25338,"POLYGON((529128.717 5072567.731,529122.193 5072527.0,529106.689 5072514.0,529102.602 5072514.0,529064.13 5072514.376,529066.002 5072622.957,529105.316 5072626.701,529112.804 5072568.667))"
161,25339,"POLYGON((529167.532 5072513.0,529145.124 5072520.0,529143.512 5072523.0,529164.749 5072561.144,529167.532 5072513.0))"
162,25340,"POLYGON((529167.532 5072513.0,529174.583 5072478.807,529143.694 5072477.871,529135.863 5072495.0,529145.124 5072520.0,529167.532 5072513.0))"
163,25341,"POLYGON((529186.752 5072565.858,529189.379 5072486.0,529175.519 5072478.807,529167.532 5072513.0,529164.287 5072563.05))"
164,25342,"POLYGON((529227.254 5072532.0,529189.379 5072486.0,529186.082 5072552.082,529226.065 5072548.074))"
165,25343,"POLYGON((529238.899 5072489.0,529213.897 5072449.789,529189.379 5072486.0,529227.254 5072532.0,529238.899 5072489.0))"
166,25344,"POLYGON((529308.437 5072687.544,529308.617 5072614.583,529353.1 5072587.209,529320.888 5072557.306,529257.891 5072549.01,529217.641 5072653.846,529231.682 5072680.992))"
167,25345,"POLYGON((529311.412 5072504.0,529298.046 5072496.1,529284.679 5072488.2,529270.481 5072475.421,529245.871 5072514.229,529258.65 5072549.251,529321.799 5072557.0,529311.412 5072504.0))"
168,25347,"POLYGON((529315.554 5072484.0,529307.846 5072468.0,529285.836 5072447.029,529270.685 5072474.806,529284.428 5072488.0,529311.412 5072504.0,529315.554 5072484.0))"
169,25348,"POLYGON((529330.902 5072449.789,529314.053 5072417.028,529284.152 5072447.029,529307.846 5072468.0))"
170,25349,"POLYGON((529338.98 5072460.0,529386.129 5072394.563,529362.434 5072378.007,529315.297 5072420.935,529323.414 5072438.557,529338.98 5072460.0))"
171,25351,"POLYGON((529414.21 5072420.772,529386.129 5072394.563,529338.98 5072460.0,529353.367 5072486.295))"
172,25352,"POLYGON((529406.722 5072478.807,529387.498 5072454.0,529356.175 5072482.551,529384.257 5072497.527))"
173,25353,"POLYGON((529432.931 5072455.406,529402.977 5072432.004,529387.498 5072454.0,529407.658 5072478.807))"
174,25354,"POLYGON((529461.012 5072420.772,529441.355 5072400.179,529402.977 5072433.877,529431.059 5072453.533))"
175,25355,"POLYGON((529526.869 5072406.0,529527.471 5072355.249,529470.372 5072359.929,529469.942 5072376.0,529441.355 5072399.243,529477.861 5072446.981))"
176,25356,"POLYGON((529208.13 5071346.0,529188.11 5071302.812,529156.067 5071347.107,529180.86 5071373.229,529208.13 5071346.0))"
177,25357,"POLYGON((529188.11 5071301.036,529176.57 5071275.292,529126.889 5071324.171,529154.91 5071348.69))"
178,25358,"POLYGON((529176.57 5071275.292,529165.559 5071249.0,529093.871 5071282.547,529127.765 5071324.171))"
179,25359,"POLYGON((529165.559 5071249.0,529091.863 5071216.466,529042.827 5071217.342,529093.871 5071282.192,529165.559 5071249.0))"
180,25360,"POLYGON((529028.42 5071245.0,529024.219 5071313.109,529094.048 5071282.014,529042.698 5071217.693,529028.42 5071245.0))"
181,25362,"POLYGON((529066.491 5071379.156,529041.635 5071340.984,529025.314 5071344.311,529027.941 5071390.721))"
182,25363,"POLYGON((529200.444 5071395.099,529162.791 5071354.819,529026.189 5071390.721,529031.443 5071431.001))"
183,25364,"POLYGON((529218.293 5071448.399,529199.568 5071396.851,529031.443 5071431.877,529032.319 5071473.032,529130.304 5071463.0))"
184,25365,"POLYGON((529226.283 5071470.593,529218.293 5071449.287,529033.194 5071473.032,529041.951 5071511.561))"
185,25366,"POLYGON((529054.21 5071543.96,529131.296 5071522.081,529216.518 5071560.253,529250.252 5071517.642,529229.834 5071470.593,529042.827 5071510.685))"
186,25367,"POLYGON((529156.152 5071623.282,529138.398 5071557.59,529064.718 5071585.116,529073.474 5071649.914,529097.993 5071646.411,529133.959 5071623.282))"
187,25369,"POLYGON((529133.894 5071737.479,529097.022 5071647.0,529073.011 5071652.0,529089.236 5071758.495))"
188,25371,"POLYGON((529170.356 5071660.567,529156.152 5071623.282,529133.071 5071625.058,529097.022 5071647.0,529117.257 5071695.448))"
189,25372,"POLYGON((529196.1 5071701.402,529171.244 5071660.567,529119.008 5071695.448,529133.019 5071739.231))"
190,25373,"POLYGON((529209.416 5071723.596,529196.988 5071704.066,529104.122 5071758.495,529136.521 5071776.008))"
191,25374,"POLYGON((529236.048 5071731.585,529220.956 5071719.157,529138.273 5071776.008,529147.905 5071790.894))"
192,25375,"POLYGON((529243.15 5071747.564,529235.16 5071733.361,529198.693 5071755.868,529206.574 5071770.754))"
193,25376,"POLYGON((529263.567 5071767.094,529244.037 5071746.677,529208.325 5071770.754,529226.714 5071796.148))"
194,25378,"POLYGON((529271.372 5071764.624,529228.465 5071798.775,529248.605 5071803.153,529287.134 5071784.764))"
195,25382,"POLYGON((529419.579 5071448.657,529386.402 5071483.785,529414.003 5071514.453,529441.046 5071474.028))"
196,25383,"POLYGON((529419.858 5071448.379,529412.33 5071437.784,529409.542 5071419.663,529362.705 5071467.337,529386.402 5071484.064,529416.348 5071452.0))"
197,25384,"POLYGON((529363.508 5071467.0,529355.355 5071452.0,529341.538 5071433.0,529336.17 5071466.027,529363.508 5071467.0))"
198,25385,"POLYGON((529341.538 5071433.0,529341.813 5071429.0,529308.31 5071410.0,529300.268 5071457.271,529337.046 5071466.027))"
199,25386,"POLYGON((529308.31 5071410.0,529304.207 5071404.0,529295.619 5071396.0,529276.049 5071396.0,529269.253 5071399.0,529259.113 5071446.763,529300.268 5071456.395,529308.31 5071410.0))"
200,25387,"POLYGON((529269.253 5071399.0,529248.207 5071398.0,529222.335 5071426.623,529258.237 5071446.763,529269.253 5071399.0))"
201,25388,"POLYGON((529248.207 5071398.0,529223.418 5071385.0,529200.444 5071399.477,529222.919 5071427.242,529248.207 5071398.0))"
202,25389,"POLYGON((529223.418 5071385.0,529208.13 5071346.0,529179.974 5071373.671,529201.32 5071397.726,529223.418 5071385.0))"
203,25390,"POLYGON((529446.693 5071479.335,529509.894 5071430.78,529490.033 5071412.956,529428.217 5071459.946))"
204,25391,"POLYGON((529494.823 5071409.078,529469.276 5071374.406,529407.003 5071402.235,529412.021 5071437.135,529428.673 5071459.489))"
205,25393,"POLYGON((529435.744 5071388.777,529413.911 5071329.0,529404.914 5071332.0,529423.198 5071395.164))"
206,25394,"POLYGON((529454.677 5071380.793,529426.384 5071314.0,529413.911 5071329.0,529435.516 5071388.777))"
207,25395,"POLYGON((529460.65 5071301.67,529451.346 5071287.917,529422.058 5071303.693,529442.587 5071352.052,529468.336 5071338.481,529459.032 5071321.087))"
208,25396,"POLYGON((529480.876 5071331.604,529471.977 5071297.625,529460.65 5071302.479,529459.437 5071320.278,529468.741 5071338.481))"
209,25397,"POLYGON((529472.381 5071298.029,529467.931 5071281.444,529451.751 5071289.939,529459.841 5071302.075))"
210,25398,"POLYGON((529483.303 5071272.95,529445.279 5071238.566,529430.716 5071266.882,529452.155 5071289.13))"
211,25399,"POLYGON((529499.483 5071352.234,529481.674 5071331.0,529442.745 5071351.9,529454.476 5071381.429,529468.634 5071374.553))"
212,25400,"POLYGON((529500.07 5071352.052,529469.038 5071374.148,529494.595 5071409.078,529539.76 5071373.722))"
213,25401,"POLYGON((529539.76 5071373.95,529490.033 5071412.956,529566.134 5071483.242,529620.028 5071431.114))"
214,25402,"POLYGON((529423.198 5071394.936,529404.914 5071332.0,529386.017 5071338.366,529395.598 5071407.253))"
215,25403,"POLYGON((529392.315 5071383.0,529386.017 5071338.594,529367.769 5071340.647,529388.526 5071384.899,529392.315 5071383.0))"
216,25404,"POLYGON((529381.227 5071277.233,529357.504 5071295.254,529358.416 5071316.695,529367.541 5071340.875,529385.561 5071338.822,529405.178 5071331.979))"
217,25405,"POLYGON((529404.914 5071332.0,529413.911 5071329.0,529426.384 5071314.0,529421.373 5071304.15,529421.145 5071277.918,529388.07 5071292.06,529404.914 5071332.0))"
218,25407,"POLYGON((529365.772 5071336.582,529357.965 5071314.836,529334.087 5071323.0,529331.054 5071347.0,529344.911 5071351.0))"
219,25408,"POLYGON((529358.244 5071314.278,529357.129 5071295.041,529338.45 5071262.98,529310.849 5071257.961,529334.087 5071323.0))"
220,25409,"POLYGON((529331.054 5071347.0,529334.087 5071323.0,529310.418 5071258.0,529277.819 5071273.171,529316.342 5071355.0,529331.054 5071347.0))"
221,25412,"POLYGON((529365.772 5071337.139,529344.911 5071351.0,529331.054 5071347.0,529316.342 5071355.0,529295.619 5071396.0,529304.207 5071404.0,529383.614 5071374.777))"
222,25413,"POLYGON((529407.591 5071409.068,529395.881 5071406.838,529392.257 5071383.419,529389.469 5071384.534,529384.172 5071375.334,529304.207 5071404.0,529308.31 5071410.0,529341.813 5071429.0,529390.027 5071419.384))"
223,25414,"POLYGON((529407.87 5071409.068,529390.187 5071419.0,529341.813 5071429.0,529341.538 5071433.0,529355.355 5071452.0,529363.262 5071466.779,529409.264 5071419.384))"
224,25415,"POLYGON((529452.161 5071485.0,529441.325 5071474.028,529412.609 5071515.289,529447.378 5071549.214,529452.161 5071485.0))"
225,25416,"POLYGON((529468.368 5071550.975,529517.436 5071545.399,529452.161 5071485.0,529447.18 5071550.139))"
226,25417,"POLYGON((529476.174 5071457.3,529446.622 5071480.44,529517.436 5071546.236,529533.327 5071529.508))"
227,25418,"POLYGON((529565.292 5071482.401,529501.724 5071436.0,529480.38 5071463.0,529530.774 5071524.744))"
228,25419,"POLYGON((529011.136 5070999.33,528960.792 5071028.206,528966.839 5071036.068,528972.584 5071033.649,528980.003 5071051.0,529011.504 5071035.0))"
229,25420,"POLYGON((528991.482 5071083.539,528972.282 5071034.102,528966.839 5071036.068,528946.127 5071010.366,528930.252 5071011.5,528921.083 5071012.0,528919.065 5071056.326,528929.497 5071095.936))"
230,25421,"POLYGON((528918.984 5071056.0,528921.333 5070996.155,528876.129 5070996.458,528879.175 5071069.0,528918.984 5071056.0))"
231,25422,"POLYGON((528905.076 5071095.284,528929.346 5071095.785,528918.763 5071056.175,528879.175 5071069.0))"
232,25423,"POLYGON((528879.175 5071069.0,528877.257 5070997.772,528822.673 5070996.167,528824.94 5071066.783))"
233,25424,"POLYGON((528824.698 5071067.716,528824.278 5070995.364,528795.381 5071030.683,528771.588 5071065.696))"
234,25425,"POLYGON((528771.572 5071064.574,528822.673 5070995.364,528728.756 5071017.84,528724.829 5071057.949,528747.28 5071063.47))"
235,25428,"POLYGON((529011.136 5070999.028,529039.407 5070996.458,529028.975 5070936.74,529003.499 5070946.174,529006.449 5070964.407,528968.159 5071024.0))"
236,25429,"POLYGON((528939.422 5071011.0,528972.996 5070961.426,528952.571 5070946.154,528921.333 5070996.004,528921.083 5071012.0,528939.422 5071011.0))"
237,25430,"POLYGON((528876.1 5070953.789,528877.205 5070996.116,528921.031 5070996.155,528954.533 5070943.766))"
238,25431,"POLYGON((529013.101 5071053.0,529005.542 5071038.184,528980.003 5071051.0,528988.442 5071077.348,529018.695 5071059.35))"
239,25432,"POLYGON((529022.323 5071060.71,529043.199 5071044.0,529039.104 5070996.76,529011.287 5070999.33,529011.74 5071034.858,529005.391 5071038.486,529013.101 5071053.0))"
240,25433,"POLYGON((529019.299 5071059.198,528989.063 5071077.492,528991.482 5071083.69,529010.984 5071086.109,529021.416 5071081.574,529029.277 5071090.342,529041.372 5071078.096))"
241,25434,"POLYGON((529043.199 5071044.0,529021.718 5071060.861,529041.372 5071077.643,529044.547 5071075.224,529069.639 5071064.0))"
242,25435,"POLYGON((529136.164 5071039.242,529111.672 5070992.225,529043.199 5071044.0,529069.639 5071064.0,529076.234 5071064.0,529085.064 5071068.723))"
243,25436,"POLYGON((529021.87 5071125.417,529035.022 5071117.102,529040.616 5071123.905,529051.35 5071114.683,529076.234 5071064.0,529069.639 5071064.0,529044.482 5071075.0,529029.429 5071090.493,529036.081 5071097.145,529026.707 5071105.309,529016.125 5071114.985))"
244,25437,"POLYGON((529067.678 5071140.384,529077.505 5071123.149,529069.19 5071115.741,529094.74 5071084.295,529084.308 5071068.572,529076.234 5071064.0,529051.199 5071114.985,529040.767 5071123.905,529050.292 5071132.673))"
245,25438,"POLYGON((529104.567 5071100.018,529094.891 5071084.295,529069.341 5071115.741,529077.656 5071122.846))"
246,25440,"POLYGON((529110.614 5071108.938,529104.718 5071100.018,529090.658 5071112.112,529096.403 5071116.799))"
247,25442,"POLYGON((529174.867 5071104.553,529136.768 5071038.94,529084.762 5071069.025,529117.417 5071119.218,529132.233 5071113.171,529135.71 5071120.73))"
248,25443,"POLYGON((529131.477 5071149.455,529182.728 5071119.823,529175.169 5071104.705,529114.998 5071129.347))"
249,25445,"POLYGON((529180.611 5071164.573,529201.475 5071156.863,529186.054 5071126.928,529182.879 5071119.974,529119.987 5071155.955,529129.209 5071173.644,529147.049 5071173.644,529166.854 5071185.89))"
250,25446,"POLYGON((528550.167 5073129.478,528612.166 5073051.862,528652.867 5072987.024,528456.934 5072962.887,528455.987 5073037.19,528491.482 5073146.988,528536.916 5073150.775))"
251,25447,"POLYGON((528452.674 5072914.614,528457.407 5072963.361,528597.968 5072979.452,528604.593 5072943.957))"
252,25448,"POLYGON((528545.435 5072916.034,528448.415 5072898.996,528452.674 5072914.141,528604.593 5072943.483,528601.28 5072927.865))"
253,25449,"POLYGON((528550.641 5072899.943,528443.682 5072880.065,528448.888 5072898.523,528547.328 5072916.034))"
254,25450,"POLYGON((528552.061 5072883.378,528439.423 5072862.554,528444.155 5072880.065,528549.694 5072898.996))"
255,25451,"POLYGON((528542.311 5072849.587,528491.198 5072849.114,528439.612 5072862.838,528553.196 5072883.189,528554.143 5072858.579))"
256,25453,"POLYGON((528530.29 5072728.146,528455.987 5072738.085,528488.643 5072849.303,528541.649 5072848.83,528530.763 5072727.673))"
257,25454,"POLYGON((528093.464 5072770.267,528075.128 5072790.0,528061.112 5072806.0,528059.52 5072812.0,528062.205 5072829.0,528084.046 5072833.0))"
258,25456,"POLYGON((528170.607 5072854.509,528084.046 5072833.0,528076.9 5072831.319,528069.327 5072858.295,528060.808 5072893.79,528173.919 5072890.951))"
259,25457,"POLYGON((528062.205 5072829.0,528059.52 5072812.0,527931.606 5072766.481,527936.812 5072799.137,528055.224 5072835.0,528062.205 5072829.0))"
260,25458,"POLYGON((528048.977 5072833.212,527935.866 5072799.61,527941.072 5072832.739,528067.434 5072865.867,528070.747 5072856.402))"
261,25459,"POLYGON((528067.434 5072865.867,527940.125 5072832.739,527942.965 5072863.974,528060.335 5072894.737))"
262,25460,"POLYGON((527971.834 5072871.073,527967.101 5072904.202,528038.343 5072920.0,528050.397 5072891.424))"
263,25461,"POLYGON((528038.343 5072920.0,527999.284 5072910.828,527993.604 5072940.644,528038.18 5072943.0,528038.343 5072920.0))"
264,25462,"POLYGON((527995.024 5072939.697,527999.757 5073004.062,528028.153 5073007.848,528061.755 5073009.741,528064.121 5072945.85))"
265,25464,"POLYGON((528053.621 5072773.0,528057.969 5072759.382,528037.145 5072750.39,528009.695 5072755.596,527983.666 5072760.329,528049.789 5072786.0,528053.621 5072773.0))"
266,25465,"POLYGON((528075.128 5072790.0,528093.464 5072771.214,528057.969 5072759.382,528049.789 5072786.0,528061.112 5072806.0,528075.128 5072790.0))"
267,25466,"POLYGON((528542.2 5074041.261,528582.504 5074048.905,528613.079 5074036.397,528646.434 5073937.721,528456.727 5073900.197,528431.423 5073940.0,528421.287 5073994.703,528474.794 5074030.838))"
268,25468,"POLYGON((528332.34 5073962.043,528330.255 5073980.11,528320.527 5073993.313,528358.746 5073998.872,528359.387 5073965.0))"
269,25469,"POLYGON((528371.949 5074026.668,528358.746 5073998.872,528301.07 5073990.533,528294.014 5074021.0))"
270,25470,"POLYGON((528280.918 5073987.754,528271.189 5074011.38,528294.014 5074021.0,528301.07 5073990.533))"
271,25471,"POLYGON((528371.254 5074026.668,528293.426 5074020.414,528270.494 5074012.075,528260.071 5074036.397,528259.376 5074064.193,528324.204 5074068.0,528369.865 5074069.057))"
272,25472,"POLYGON((528355.967 5074068.362,528260.766 5074065.583,528257.986 5074139.242,528356.662 5074135.072))"
273,25473,"POLYGON((528323.413 5074203.0,528324.509 5074202.0,528332.271 5074193.0,528352.101 5074159.0,528357.356 5074135.767,528257.291 5074140.632,528255.206 5074201.783,528319.768 5074207.0,528323.413 5074203.0))"
274,25474,"POLYGON((528248.257 5074251.815,528304.361 5074242.0,528316.729 5074217.0,528319.768 5074207.0,528253.122 5074203.867,528245.478 5074252.51))"
275,25475,"POLYGON((528237.439 5074377.353,528274.664 5074369.253,528261.94 5074311.0,528229.45 5074317.028,528209.038 5074320.716,528190.141 5074351.0,528186.711 5074372.489,528208.253 5074360.675,528217.287 5074382.912))"
276,25476,"POLYGON((528177.806 5074326.865,528155.919 5074330.553,528156.967 5074337.0,528162.244 5074348.0,528171.611 5074360.0,528182.74 5074368.0))"
277,25477,"POLYGON((528137.19 5074339.0,528135.262 5074333.996,528116.572 5074340.636,528118.539 5074345.801,528130.532 5074342.0,528137.19 5074339.0))"
278,25478,"POLYGON((528269.11 5074292.0,528274.485 5074276.0,528244.783 5074253.205,528237.834 5074262.239,528214.902 5074271.968,528226.656 5074303.0,528228.675 5074305.0,528257.986 5074301.848,528269.11 5074292.0))"
279,25479,"POLYGON((528212.818 5074269.883,528197.53 5074278.222,528193.36 5074291.425,528226.656 5074303.0))"
280,25480,"POLYGON((528228.675 5074305.0,528226.656 5074303.0,528194.055 5074292.12,528183.632 5074321.305,528211.564 5074317.0,528228.675 5074305.0))"
281,25481,"POLYGON((528207.563 5074322.192,528185.922 5074325.635,528190.141 5074351.0,528211.564 5074317.0))"
282,25482,"POLYGON((528190.141 5074351.0,528185.922 5074325.635,528177.806 5074326.865,528182.74 5074368.0,528183.305 5074368.0,528190.141 5074351.0))"
283,25483,"POLYGON((528118.209 5074346.0,528116.818 5074340.144,528090.504 5074349.243,528092.225 5074354.654,528100.095 5074351.949,528118.209 5074346.0))"
284,25484,"POLYGON((528042.549 5074459.908,528076.486 5074439.989,528060.747 5074405.314,528052.721 5074386.0,528050.969 5074374.0,528048.205 5074364.491,528012.547 5074378.754))"
285,25485,"POLYGON((528042.867 5074459.351,528012.793 5074378.262,527986.971 5074388.099,528017.156 5074470.469))"
286,25486,"POLYGON((527938.278 5074421.053,527960.719 5074407.035,527960.042 5074404.576,527958.69 5074399.657,527910.243 5074413.921,527936.557 5074519.176,527964.838 5074489.911))"
287,25487,"POLYGON((527858.889 5074534.165,527891.307 5074542.784,527861.797 5074426.955,527849.992 5074430.152,527831.794 5074425.233,527828.597 5074533.931))"
288,25488,"POLYGON((527773.019 5074549.178,527804.989 5074531.472,527828.597 5074533.685,527831.794 5074431.873,527807.448 5074423.758,527767.117 5074496.797,527756.296 5074515.979,527754.575 5074544.751))"
289,25490,"POLYGON((527765.641 5074498.026,527808.376 5074422.0,527792.534 5074417.0,527749.902 5074504.912))"
290,25492,"POLYGON((527793.602 5074409.0,527813.893 5074383.427,527796.406 5074376.813,527779.873 5074401.919,527793.602 5074409.0))"
291,25493,"POLYGON((528282.166 5073987.664,528317.493 5073994.591,528332.039 5073953.722,528261.385 5073953.029,528271.083 5074010.522))"
292,25494,"POLYGON((528261.385 5073948.873,528263.571 5073915.0,528235.063 5073916.317,528248.224 5073930.171))"
293,25495,"POLYGON((528263.571 5073915.0,528276.128 5073905.0,528237.141 5073901.078,528236.449 5073915.624,528263.571 5073915.0))"
294,25496,"POLYGON((528298.79 5073838.736,528239.219 5073836.658,528239.912 5073874.063,528296.019 5073876.834))"
295,25497,"POLYGON((528305.717 5073802.717,528273.393 5073801.0,528272.46 5073799.0,528240.605 5073797.175,528239.912 5073835.966,528300.176 5073840.122))"
296,25498,"POLYGON((528306.41 5073774.317,528264.253 5073770.0,528247.532 5073759.078,528241.297 5073797.868,528304.332 5073802.717))"
297,25499,"POLYGON((528260.285 5073723.0,528288.779 5073718.0,528305.944 5073703.0,528257.922 5073696.736,528253.073 5073722.365,528260.285 5073723.0))"
298,25500,"POLYGON((528376.054 5073764.37,528372.072 5073737.293,528370.479 5073717.383,528326.498 5073726.521,528323.727 5073745.224,528303.639 5073750.073,528306.41 5073766.697))"
299,25501,"POLYGON((528374.461 5073810.561,528375.258 5073764.37,528305.024 5073767.39,528304.332 5073803.409))"
300,25502,"POLYGON((528373.665 5073809.764,528303.639 5073804.102,528300.868 5073833.888,528390.377 5073859.0))"
301,25503,"POLYGON((528390.377 5073859.0,528300.868 5073834.58,528292.758 5073898.0,528295.457 5073899.0,528390.377 5073859.0))"
302,25505,"POLYGON((528016.461 5074469.775,527986.971 5074388.099,527958.198 5074400.149,527990.055 5074479.503))"
303,25506,"POLYGON((528227.537 5073999.0,528226.422 5073957.0,528207.356 5073935.712,528190.039 5073955.8,528182.419 5073980.044,528227.459 5073999.0,528227.537 5073999.0))"
304,25507,"POLYGON((528271.775 5074011.908,528183.804 5073980.044,528172.029 5074019.527,528260.693 5074043.079))"
305,25508,"POLYGON((528258.614 5074043.079,528172.029 5074018.835,528168.565 5074064.552,528214.493 5074058.0))"
306,25509,"POLYGON((528174.8 5074097.108,528204.538 5074086.0,528214.71 5074058.0,528214.493 5074058.0,528169.951 5074063.859))"
307,25510,"POLYGON((528173.414 5074097.801,528174.107 5074122.045,528203.892 5074129.664,528203.892 5074086.718))"
308,25511,"POLYGON((528203.087 5074131.0,528172.029 5074122.045,528176.878 5074159.45,528214.283 5074149.059))"
309,25512,"POLYGON((528255.151 5074180.23,528257.229 5074139.362,528176.878 5074157.372,528185.19 5074198.933))"
310,25513,"POLYGON((528245.453 5074248.806,528254.458 5074203.089,528255.844 5074182.308,528184.497 5074198.24,528185.883 5074231.489,528206.102 5074245.0,528235.063 5074263.352))"
311,25514,"POLYGON((528233.678 5074263.352,528206.102 5074245.0,528185.19 5074232.182,528154.019 5074256.426,528165.102 5074278.591,528193.502 5074291.06,528196.965 5074279.284))"
312,25515,"POLYGON((528181.726 5074229.411,528127.004 5074240.494,528127.697 5074268.201,528162.336 5074276.0,528155.404 5074255.04))"
313,25516,"POLYGON((528187.268 5074229.411,528185.19 5074196.855,528179.648 5074164.991,528120.077 5074184.386,528125.619 5074215.557,528128.39 5074240.494,528144.308 5074239.0))"
314,25517,"POLYGON((528140.855 5074178.0,528178.956 5074166.376,528173.414 5074135.898,528108.994 5074136.591,528120.77 5074182.308,528140.855 5074178.0))"
315,25518,"POLYGON((528174.107 5074134.513,528174.107 5074100.571,528138.927 5074103.0,528110.38 5074106.806,528111.073 5074135.206))"
316,25519,"POLYGON((528174.107 5074099.879,528169.951 5074064.552,528139.932 5074071.0,528104.838 5074076.327,528108.994 5074106.806))"
317,25521,"POLYGON((528170.643 5074030.61,528175.492 5074009.83,528134.28 5074007.0,528095.833 5074013.293,528102.068 5074041.693,528131.405 5074037.0))"
318,25522,"POLYGON((528174.8 5074009.83,528181.726 5073986.971,528094.445 5073988.0,528095.833 5074013.293,528134.28 5074007.0))"
319,25524,"POLYGON((528097.912 5074034.074,528094.448 5073995.283,528065.355 5073983.508,528048.731 5074016.756,528065.541 5074026.0))"
320,25525,"POLYGON((528104.838 5074077.02,528099.297 5074031.303,528065.541 5074026.0,528048.731 5074016.756,528030.721 5074051.391,528063.074 5074069.0))"
321,25526,"POLYGON((528111.073 5074126.201,528057.697 5074101.0,528016.867 5074077.713,527991.931 5074118.581,528121.463 5074192.699,528111.073 5074136.591))"
322,25527,"POLYGON((528122.155 5074193.391,527991.931 5074117.889,527969.072 5074158.064,528039.726 5074190.62,528043.189 5074203.089,528107.609 5074239.801,528128.39 5074241.186))"
323,25528,"POLYGON((528043.882 5074204.474,528039.934 5074191.0,527969.072 5074158.064,527953.833 5074194.084,528105.531 5074246.728,528107.609 5074238.416))"
324,25529,"POLYGON((528088.907 5074277.899,528096.526 5074266.123,528104.146 5074245.343,527955.911 5074194.084,527941.365 5074231.489,527966.121 5074240.0,527970.621 5074241.0,528008.123 5074241.0,528072.282 5074293.831))"
325,25532,"POLYGON((527962.838 5074346.475,527969.072 5074320.153,527975.306 5074293.831,527935.13 5074253.655,527920.402 5074284.0,527903.96 5074311.148,527894.955 5074343.704,527951.062 5074362.406))"
326,25534,"POLYGON((528067.386 5073982.0,528061.361 5073967.0,528060.329 5073967.0,528043.189 5073959.956,528050.116 5074014.678,528067.386 5073982.0))"
327,25536,"POLYGON((528153.326 5073799.946,528071.589 5073807.566,528081.98 5073835.966,528151.248 5073816.57))"
328,25538,"POLYGON((528097.219 5073950.951,528103.122 5073937.0,528097.103 5073935.0,528070.204 5073926.015,528062.585 5073966.19,528068.126 5073984.2,528094.448 5073997.361))"
329,25540,"POLYGON((528162.687 5074277.0,528162.336 5074276.0,528127.697 5074269.587,528126.312 5074288.982,528192.809 5074295.909,528196.273 5074291.753))"
330,25541,"POLYGON((528133.238 5074336.084,528153.326 5074329.158,528183.804 5074320.845,528195.58 5074295.909,528125.619 5074289.674,528124.234 5074302.835))"
331,25542,"POLYGON((528131.853 5074329.158,528125.619 5074302.835,528104.146 5074293.138,528088.907 5074278.591,528072.975 5074292.445,528094.448 5074314.611,528100.682 5074338.162))"
332,25543,"POLYGON((528102.068 5074337.47,528093.579 5074315.0,528073.668 5074294.523,528050.809 5074311.148,528062.137 5074329.0,528070.204 5074349.938))"
333,25544,"POLYGON((528052.194 5074310.455,528050.809 5074308.377,528021.716 5074325.001,528031.843 5074347.0,528035.57 5074360.328,528070.204 5074349.245))"
334,25545,"POLYGON((528035.57 5074358.25,528024.487 5074325.694,527961.957 5074346.0,527950.37 5074365.87,527953.14 5074396.348,528012.019 5074369.333))"
335,25546,"POLYGON((528022.409 5074323.616,528072.975 5074293.831,528008.123 5074241.0,527973.228 5074298.679,527961.957 5074346.0))"
336,25547,"POLYGON((528008.123 5074241.0,527969.765 5074242.572,527942.057 5074231.489,527933.745 5074255.04,527975.306 5074295.216,528008.123 5074241.0))"
337,25548,"POLYGON((528615.859 5074139.937,528615.164 5074075.311,528614.469 5074037.787,528583.894 5074050.295,528568.606 5074087.819,528560.962 5074105.887,528565.131 5074138.547))"
338,25549,"POLYGON((528549.843 5074132.293,528532.471 5074141.327,528559.572 5074184.41,528570.69 5074180.936,528561.657 5074105.192))"
339,25550,"POLYGON((528531.776 5074141.327,528494.252 5074161.479,528513.709 5074191.359,528556.792 5074183.02))"
340,25551,"POLYGON((528494.252 5074162.868,528463.165 5074189.0,528470.196 5074196.0,528513.014 5074190.664))"
341,25552,"POLYGON((528456.032 5074231.663,528469.235 5074196.224,528463.676 5074189.275,528410.169 5074231.663,528419.897 5074267.103,528456.032 5074259.459))"
342,25553,"POLYGON((528557.487 5074183.02,528470.196 5074196.0,528456.032 5074231.663,528573.47 5074212.901))"
343,25554,"POLYGON((528581.809 5074249.731,528574.86 5074214.291,528455.337 5074231.663,528456.727 5074276.137))"
344,25555,"POLYGON((528592.232 5074290.035,528581.809 5074250.426,528456.727 5074276.137,528471.846 5074320.0))"
345,25556,"POLYGON((528474.115 5074343.0,528471.342 5074323.0,528462.13 5074363.0,528475.674 5074367.0,528474.115 5074343.0))"
346,25557,"POLYGON((528416.248 5074286.0,528419.897 5074266.408,528410.864 5074232.358,528376.119 5074257.375,528394.267 5074285.0,528414.919 5074286.0,528416.248 5074286.0))"
347,25558,"POLYGON((528320.875 5074296.0,528274.961 5074276.0,528274.485 5074276.0,528269.11 5074292.0,528319.906 5074298.0,528320.875 5074296.0))"
348,25560,"POLYGON((528175.101 5074377.77,528182.725 5074367.442,528171.658 5074360.064,528162.067 5074348.26,528135.262 5074351.457,528141.656 5074374.082,528137.374 5074379.438,528170.034 5074399.59,528181.847 5074391.251))"
349,25561,"POLYGON((528156.967 5074337.0,528155.673 5074330.553,528135.262 5074333.996,528137.19 5074339.0,528156.967 5074337.0))"
350,25563,"POLYGON((528142.394 5074373.836,528132.065 5074341.62,528118.209 5074346.0,528124.696 5074365.0,528133.294 5074387.361))"
351,25564,"POLYGON((528133.54 5074387.361,528118.209 5074346.0,528100.095 5074351.949,528117.31 5074402.608,528128.868 5074393.509))"
352,25565,"POLYGON((528100.341 5074351.949,528084.856 5074356.0,528096.16 5074394.247,528112.391 5074389.083))"
353,25566,"POLYGON((528096.406 5074394.001,528088.878 5074372.0,528052.721 5074386.0,528060.502 5074405.56))"
354,25567,"POLYGON((528086.569 5074360.802,528093.455 5074358.588,528090.258 5074348.997,528047.96 5074364.982,528050.969 5074374.0,528086.077 5074360.556))"
355,25568,"POLYGON((528088.878 5074372.0,528086.077 5074360.556,528050.969 5074374.0,528052.721 5074386.0,528088.878 5074372.0))"
356,25569,"POLYGON((528097.764 5074419.047,528081.087 5074437.809,528120.994 5074465.545,528125.008 5074457.0))"
357,25570,"POLYGON((528156.935 5074440.0,528163.235 5074433.0,528129.035 5074393.336,528110.273 5074407.234,528144.656 5074444.0,528156.935 5074440.0))"
358,25571,"POLYGON((528154.051 5074493.401,528133.899 5074460.046,528121.391 5074464.91,528081.782 5074438.504,528072.053 5074450.317,528099.62 5074480.169,528120.001 5074509.384))"
359,25572,"POLYGON((528117.916 5074509.384,528099.849 5074479.503,528070.663 5074451.012,528053.986 5074468.385,528102.629 5074519.112))"
360,25573,"POLYGON((528081.782 5074529.536,528101.239 5074518.417,528053.291 5074469.08,528037.308 5074484.367))"
361,25574,"POLYGON((528081.782 5074528.146,528037.308 5074484.367,528024.8 5074502.435,528042.172 5074519.112,528052.596 5074545.519))"
362,25575,"POLYGON((528042.017 5074521.0,528043.936 5074518.0,528024.105 5074500.35,527995.614 5074521.197,528042.017 5074521.0))"
363,25576,"POLYGON((528041.442 5074520.746,527995.625 5074522.308,527992.298 5074553.392,528017.492 5074548.861,528028.946 5074559.794,528052.896 5074544.696))"
364,25577,"POLYGON((528019.054 5074549.902,528005.665 5074554.799,528028.863 5074571.0,528028.946 5074560.315))"
365,25578,"POLYGON((528054.58 5074612.0,528047.263 5074604.0,527989.898 5074580.62,527955.536 5074601.446,527954.494 5074611.338,528055.094 5074616.0,528054.58 5074612.0))"
366,25579,"POLYGON((528056.541 5074625.396,528055.094 5074616.0,527955.015 5074611.338,527949.288 5074645.18,528014.889 5074652.99))"
367,25580,"POLYGON((528015.93 5074652.469,527950.792 5074647.66,527948.682 5074677.91,527984.56 5074678.614))"
368,25581,"POLYGON((528009.886 5074704.643,528033.112 5074693.079,528057.582 5074645.18,528056.02 5074625.916,527989.484 5074670.875))"
369,25582,"POLYGON((527965.948 5074734.21,528040.921 5074752.953,528046.648 5074714.426,528065.912 5074707.137,528100.745 5074708.526,528088.3 5074650.907,528058.102 5074643.618,528032.591 5074693.079))"
370,25583,"POLYGON((528098.713 5074711.822,528066.869 5074706.0,528045.607 5074714.426,528040.921 5074757.639,528071.498 5074767.021))"
371,25586,"POLYGON((528028.863 5074571.0,528004.961 5074555.502,527988.781 5074579.421,528047.263 5074604.0,528028.863 5074571.0))"
372,25587,"POLYGON((528069.408 5074589.0,528064.438 5074566.0,528053.937 5074544.696,528028.426 5074558.753,528028.863 5074571.0,528047.263 5074604.0,528053.937 5074610.818,528059.144 5074642.577))"
373,25589,"POLYGON((528285.103 5074573.331,528267.922 5074527.515,528218.981 5074548.861,528245.859 5074589.286))"
374,25590,"POLYGON((528217.736 5074619.658,528246.055 5074589.471,528218.981 5074548.34,528173.685 5074570.207,528171.603 5074580.1))"
375,25591,"POLYGON((528328.317 5074545.737,528301.243 5074508.251,528267.922 5074528.556,528285.103 5074573.852,528321.228 5074562.288))"
376,25592,"POLYGON((528303.326 5074492.111,528301.243 5074509.813,528328.317 5074543.654,528341.869 5074541.0,528336.869 5074536.0,528336.869 5074531.0,528340.351 5074519.541,528341.333 5074493.673))"
377,25593,"POLYGON((528371.53 5074456.707,528307.491 5074463.475,528302.805 5074492.111,528386.473 5074498.168,528378.983 5074478.0))"
378,25594,"POLYGON((528302.104 5074503.792,528306.97 5074463.996,528289.789 5074459.31,528269.026 5074466.0,528278.682 5074495.0,528297.078 5074509.813))"
379,25595,"POLYGON((528278.335 5074494.193,528268.963 5074465.558,528228.874 5074477.533,528249.699 5074535.324,528272.857 5074524.041,528297.078 5074509.813))"
380,25596,"POLYGON((528251.483 5074535.29,528228.874 5074477.012,528189.825 5074488.987,528213.775 5074549.902))"
381,25597,"POLYGON((528214.361 5074548.789,528189.305 5074488.987,528137.761 5074510.333,528166.917 5074574.372,528172.644 5074569.687))"
382,25599,"POLYGON((528154.422 5074589.471,528167.115 5074573.537,528134.637 5074502.003,528103.919 5074517.102,528118.46 5074545.0,528128.329 5074554.0,528121.1 5074568.125))"
383,25600,"POLYGON((528079.449 5074530.118,528083.327 5074534.0,528118.46 5074545.0,528103.919 5074516.581))"
384,25602,"POLYGON((528126.827 5074553.026,528117.977 5074544.175,528079.449 5074532.721,528053.417 5074544.175,528064.35 5074565.001,528069.408 5074589.0,528058.102 5074643.618,528088.371 5074650.031))"
385,25603,"POLYGON((527956.056 5074602.487,527924.818 5074622.272,527879.138 5074672.529,527934.843 5074718.0,527941.191 5074702.0))"
386,25606,"POLYGON((527937.633 5074720.9,527884.207 5074675.377,527843.076 5074723.277,527906.136 5074765.897))"
387,25607,"POLYGON((527843.076 5074724.318,527809.755 5074784.713,527876.888 5074805.268,527902.43 5074769.614))"
388,25608,"POLYGON((527875.877 5074805.538,527808.714 5074784.713,527797.78 5074801.894,527787.368 5074845.107,527873.513 5074858.139))"
389,25609,"POLYGON((527855.515 5074906.51,527868.067 5074859.165,527786.326 5074845.628,527771.228 5074906.023,527804.028 5074906.543))"
390,25611,"POLYGON((527791.012 5074972.665,527780.079 5074969.021,527760.294 5075004.945,527825.375 5075057.53,527847.64 5075017.877))"
391,25613,"POLYGON((527829.642 5075057.248,527760.294 5075004.945,527725.411 5075043.473,527779.135 5075087.0,527808.193 5075103.867))"
392,25614,"POLYGON((527779.037 5075087.207,527728.535 5075045.555,527684.994 5075077.811,527725.299 5075111.861,527793.095 5075131.982,527811.643 5075103.37))"
393,25615,"POLYGON((528519.268 5074370.643,528482.507 5074369.0,528444.914 5074417.896,528467.845 5074429.71,528495.641 5074429.015,528506.065 5074409.557))"
394,25617,"POLYGON((528361.725 5074421.674,528300.871 5074439.0,528305.408 5074463.996,528372.051 5074457.228))"
395,25618,"POLYGON((528306.45 5074469.202,528299.854 5074435.173,528249.699 5074455.666,528255.427 5074472.326,528288.227 5074461.393))"
396,25619,"POLYGON((528254.906 5074472.847,528250.358 5074453.171,528209.61 5074468.682,528216.899 5074486.384,528230.956 5074481.177))"
397,25620,"POLYGON((528456.727 5074275.442,528456.727 5074259.459,528420.592 5074265.713,528401.83 5074324.085,528440.744 5074337.288,528448.388 5074317.831,528469.93 5074318.526))"
398,25621,"POLYGON((528462.13 5074363.0,528471.342 5074323.0,528471.846 5074320.0,528447.679 5074318.0,528432.452 5074360.0,528458.398 5074364.0,528462.13 5074363.0))"
399,25622,"POLYGON((528458.398 5074364.0,528413.643 5074342.847,528374.034 5074380.372,528419.202 5074408.863,528442.134 5074394.965,528458.398 5074364.0))"
400,25624,"POLYGON((528335.815 5074343.542,528348.226 5074304.0,528346.933 5074309.492,528320.875 5074296.0,528319.906 5074298.0,528301.07 5074353.271,528312.883 5074351.186))"
401,25625,"POLYGON((528294.59 5074369.0,528319.906 5074298.0,528269.11 5074292.0,528261.94 5074311.0,528275.358 5074369.253,528294.59 5074369.0))"
402,25626,"POLYGON((528275.239 5073697.429,528272.523 5073690.305,528255.002 5073617.834,528234.37 5073620.541,528257.229 5073696.043))"
403,25629,"POLYGON((528297.405 5073612.228,528245.453 5073563.74,528234.37 5073620.541,528254.124 5073619.0))"
404,25632,"POLYGON((528257.229 5074140.054,528257.922 5074045.849,528214.71 5074058.0,528204.538 5074086.0,528203.087 5074131.0,528214.283 5074150.445,528238.228 5074141.0))"
405,25634,"POLYGON((527455.678 5075015.27,527443.17 5075029.863,527452.203 5075042.371,527474.44 5075018.745))"
406,25635,"POLYGON((527463.322 5074990.949,527428.577 5075020.829,527442.475 5075029.863,527461.756 5075005.0))"
407,25636,"POLYGON((528896.033 5073897.0,528841.589 5073848.0,528819.673 5073882.0,528887.091 5073926.0,528896.033 5073897.0))"
408,25637,"POLYGON((528913.819 5073875.0,528911.485 5073869.0,528895.45 5073849.0,528868.289 5073834.0,528847.329 5073833.0,528841.589 5073848.0,528896.033 5073897.0,528913.819 5073875.0))"
409,25638,"POLYGON((528893.412 5073948.0,528887.091 5073926.0,528819.673 5073882.0,528733.523 5073932.0,528740.755 5073962.0,528893.412 5073948.0))"
410,25639,"POLYGON((528932.252 5073997.0,528930.8 5073985.0,528893.412 5073948.0,528740.755 5073962.0,528740.68 5073998.0,528932.252 5073997.0))"
411,25640,"POLYGON((528944.856 5074031.0,528932.252 5073997.0,528740.68 5073998.0,528737.728 5074015.0,528735.412 5074041.0,528944.856 5074031.0))"
412,25641,"POLYGON((528940.982 5073969.0,528946.2 5073900.0,528945.301 5073890.0,528933.151 5073879.0,528913.819 5073875.0,528896.033 5073897.0,528887.091 5073926.0,528893.412 5073948.0,528930.8 5073985.0,528940.982 5073969.0))"
413,25642,"POLYGON((528975.611 5073943.0,528994.45 5073907.0,528946.2 5073900.0,528940.982 5073969.0,528975.611 5073943.0))"
414,25643,"POLYGON((528997.396 5073903.0,528993.391 5073881.0,528975.703 5073878.0,528945.301 5073890.0,528946.2 5073900.0,528994.45 5073907.0,528997.396 5073903.0))"
415,25644,"POLYGON((528975.703 5073878.0,528968.338 5073861.0,528942.46 5073863.0,528933.151 5073879.0,528945.301 5073890.0,528975.703 5073878.0))"
416,25645,"POLYGON((528968.338 5073861.0,528961.093 5073819.0,528956.353 5073819.0,528942.46 5073863.0,528968.338 5073861.0))"
417,25646,"POLYGON((529057.754 5073832.0,529038.209 5073844.0,529036.076 5073871.0,529054.982 5073883.0,529057.754 5073832.0))"
418,25647,"POLYGON((529038.209 5073844.0,529022.022 5073835.0,529020.327 5073838.0,529020.683 5073868.0,529036.076 5073871.0,529038.209 5073844.0))"
419,25648,"POLYGON((529020.683 5073868.0,529020.327 5073838.0,529003.708 5073843.0,529007.643 5073872.0,529020.683 5073868.0))"
420,25649,"POLYGON((529007.643 5073872.0,529003.708 5073843.0,528983.547 5073831.0,528994.752 5073880.0,529007.643 5073872.0))"
421,25650,"POLYGON((528994.752 5073880.0,528983.547 5073831.0,528973.301 5073818.0,528961.093 5073819.0,528968.338 5073861.0,528975.703 5073878.0,528993.391 5073881.0,528994.752 5073880.0))"
422,25651,"POLYGON((528942.46 5073863.0,528956.353 5073819.0,528950.657 5073816.0,528911.485 5073869.0,528913.819 5073875.0,528933.151 5073879.0,528942.46 5073863.0))"
423,25652,"POLYGON((528950.657 5073816.0,528945.625 5073811.0,528895.45 5073849.0,528911.485 5073869.0,528950.657 5073816.0))"
424,25653,"POLYGON((528930.102 5073790.0,528926.829 5073775.0,528916.91 5073767.0,528845.734 5073818.0,528845.398 5073828.0,528847.329 5073833.0,528868.289 5073834.0,528930.102 5073790.0))"
425,25654,"POLYGON((528945.625 5073811.0,528930.102 5073790.0,528868.289 5073834.0,528895.45 5073849.0,528945.625 5073811.0))"
426,25655,"POLYGON((528916.91 5073767.0,528902.226 5073749.0,528846.537 5073799.0,528843.553 5073805.0,528845.734 5073818.0,528916.91 5073767.0))"
427,25656,"POLYGON((528902.226 5073749.0,528873.224 5073691.0,528846.537 5073799.0,528902.226 5073749.0))"
428,25657,"POLYGON((528846.537 5073799.0,528873.224 5073691.0,528870.37 5073682.0,528854.9 5073670.0,528820.825 5073776.0,528843.553 5073805.0,528846.537 5073799.0))"
429,25658,"POLYGON((528854.9 5073670.0,528816.766 5073625.0,528811.813 5073623.0,528788.491 5073624.0,528682.728 5073665.0,528589.023 5073718.0,528804.424 5073774.0,528820.825 5073776.0,528854.9 5073670.0))"
430,25659,"POLYGON((528845.734 5073818.0,528843.553 5073805.0,528820.825 5073776.0,528804.424 5073774.0,528798.126 5073816.0,528805.834 5073819.0,528845.398 5073828.0,528845.734 5073818.0))"
431,25660,"POLYGON((528820.159 5073881.434,528841.589 5073848.0,528847.329 5073833.0,528845.398 5073828.0,528798.617 5073816.809,528749.279 5073843.215,528781.245 5073903.671))"
432,25662,"POLYGON((528672.841 5073993.313,528727.043 5073975.941,528727.738 5073932.857,528779.855 5073903.671,528749.974 5073844.605,528693.688 5073875.875,528645.74 5073941.891,528631.147 5073986.364,528655.468 5073991.228))"
433,25663,"POLYGON((528664.502 5074032.227,528672.146 5073993.313,528629.757 5073987.754,528621.418 5074016.94))"
434,25666,"POLYGON((528664.502 5074032.227,528621.418 5074018.329,528613.774 5074037.092,528617.249 5074061.413,528683.264 5074060.023))"
435,25667,"POLYGON((528683.959 5074080.175,528683.264 5074061.413,528616.554 5074062.108,528614.469 5074085.04))"
436,25668,"POLYGON((528683.264 5074096.158,528615.859 5074099.633,528616.554 5074145.496,528617.249 5074172.597,528683.264 5074169.817))"
437,25670,"POLYGON((528467.845 5074109.361,528458.11 5074107.0,528429.626 5074070.447,528371.254 5074068.362,528374.034 5074118.395,528437.965 5074121.174,528434.49 5074176.766,528455.337 5074180.936,528463.676 5074144.106))"
438,25671,"POLYGON((529151.244 5073952.0,529141.134 5073942.0,529132.111 5073935.0,529077.195 5073932.0,529069.286 5073937.0,529067.555 5073945.0,529067.854 5073950.0,529084.244 5073978.0,529151.244 5073952.0))"
439,25672,"POLYGON((529148.175 5073906.0,529147.22 5073890.0,529146.783 5073889.0,529137.323 5073884.0,529121.892 5073885.0,529077.195 5073932.0,529132.111 5073935.0,529148.175 5073906.0))"
440,25673,"POLYGON((529077.195 5073932.0,529121.892 5073885.0,529112.653 5073873.0,529098.987 5073867.0,529089.262 5073865.0,529074.178 5073868.0,529055.685 5073883.0,529062.469 5073925.0,529069.286 5073937.0,529077.195 5073932.0))"
441,25674,"POLYGON((529097.902 5073822.0,529088.662 5073815.0,529089.262 5073865.0,529098.987 5073867.0,529097.902 5073822.0))"
442,25684,"POLYGON((528714.848 5073485.0,528692.671 5073479.0,528687.361 5073523.0,528689.498 5073570.0,528714.848 5073485.0))"
443,25685,"POLYGON((528692.671 5073479.0,528679.649 5073469.0,528637.54 5073459.0,528632.964 5073461.0,528687.361 5073523.0,528692.671 5073479.0))"
444,25686,"POLYGON((528723.268 5073383.0,528698.593 5073343.078,528685.054 5073319.983,528639.337 5073457.0,528723.268 5073383.0))"
445,25687,"POLYGON((528743.056 5073408.0,528723.908 5073384.0,528723.268 5073383.0,528639.337 5073457.0,528637.54 5073459.0,528679.649 5073469.0,528743.056 5073408.0))"
446,25688,"POLYGON((528760.715 5073423.0,528758.367 5073419.0,528743.056 5073408.0,528679.649 5073469.0,528692.671 5073479.0,528714.848 5073485.0,528720.345 5073485.0,528760.715 5073423.0))"
447,25689,"POLYGON((528780.597 5073438.0,528760.715 5073423.0,528720.345 5073485.0,528723.659 5073488.0,528754.096 5073516.0,528780.597 5073438.0))"
448,25690,"POLYGON((528799.349 5073445.0,528780.597 5073438.0,528754.096 5073516.0,528816.459 5073505.542,528799.349 5073445.0))"
449,25977,"POLYGON((529480.412 5074324.0,529472.5 5074249.0,529455.745 5074239.0,529417.754 5074243.0,529403.4 5074318.659))"
450,26639,"POLYGON((529071.911 5070919.052,529055.432 5070875.663,529028.068 5070878.989,529035.174 5070908.923,529027.463 5070912.551,529033.511 5070932.205,529028.37 5070934.321,529036.383 5070977.56,529038.802 5070990.864,529043.186 5071043.929,529111.37 5070992.376))"
451,26802,"POLYGON((528127.004 5074290.367,528128.39 5074241.879,528106.014 5074240.0,528095.833 5074266.123,528086.829 5074275.128,528104.196 5074293.0,528127.004 5074300.757))"
452,26855,"POLYGON((528394.267 5074285.0,528376.814 5074256.68,528364.305 5074263.629,528378.48 5074290.0,528394.267 5074285.0))"
453,26856,"POLYGON((528372.636 5074292.0,528376.413 5074290.0,528365.695 5074264.324,528351.102 5074271.968,528363.199 5074293.0,528372.636 5074292.0))"
454,26868,"POLYGON((528160.305 5074394.031,528138.763 5074379.438,528129.035 5074393.336,528143.628 5074410.708))"
455,27006,"POLYGON((527479.304 5074979.83,527464.017 5074993.728,527461.756 5075005.0,527468.186 5075008.321,527489.728 5074988.864))"
456,27109,"POLYGON((529157.385 5073833.0,529168.948 5073829.0,529202.308 5073803.0,529220.72 5073778.0,529208.122 5073780.0,529191.702 5073784.0,529112.668 5073830.0,529114.631 5073833.0,529124.654 5073838.0,529157.385 5073833.0))"
457,27169,"POLYGON((529419.6 5074165.0,529428.008 5074142.0,529356.278 5074118.0,529348.298 5074124.0,529342.842 5074136.0,529357.621 5074193.0,529376.822 5074198.0,529419.6 5074165.0))"
458,27178,"POLYGON((528895.018 5073278.0,528829.998 5073201.32,528816.759 5073292.0,528815.719 5073312.0,528826.753 5073351.0,528852.168 5073379.0,528893.621 5073382.0,528895.018 5073278.0))"
459,27179,"POLYGON((529026.747 5073280.0,528990.073 5073129.645,528989.276 5073128.849,528908.044 5073151.148,528863.446 5073054.784,528792.985 5073063.0,528829.019 5073200.0,528895.018 5073278.0,528918.814 5073293.0,529026.747 5073280.0))"
460,27185,"POLYGON((529019.521 5073545.0,529024.423 5073542.0,529045.285 5073457.0,529024.824 5073446.0,528996.123 5073503.0,529019.083 5073546.0,529019.521 5073545.0))"
461,27191,"POLYGON((528937.448 5073573.0,528932.147 5073512.0,528859.73 5073501.0,528756.73 5073515.895,528789.382 5073622.612,528816.766 5073625.0,528937.448 5073573.0))"
462,27192,"POLYGON((529219.786 5074102.0,529245.089 5074064.0,529245.971 5074057.0,529216.664 5074030.0,529148.268 5074075.0,529150.703 5074096.0,529171.224 5074115.0,529174.508 5074118.0,529219.786 5074102.0))"
463,27193,"POLYGON((529119.902 5074050.0,529115.002 5074019.0,529107.035 5074005.0,529094.781 5073998.0,529068.377 5074040.0,529094.966 5074060.0,529119.902 5074050.0))"
464,27315,"POLYGON((529469.942 5072376.0,529443.24 5072358.647,529402.977 5072325.296,529363.664 5072375.842,529416.082 5072421.708,529469.942 5072376.0))"
465,27371,"POLYGON((528049.096 5072895.0,528038.343 5072920.0,528039.038 5072944.43,528064.595 5072945.85,528061.282 5073008.794,528140.317 5073009.267,528183.385 5073007.848,528173.919 5072891.424))"
466,27408,"POLYGON((527951.755 5074361.714,527893.569 5074345.089,527878.33 5074412.972,527906.289 5074407.0,527952.448 5074394.963))"
467,27410,"POLYGON((528169.495 5073900.0,528169.946 5073896.0,528169.774 5073871.0,528159.523 5073834.0,528150.818 5073818.0,528081.287 5073835.273,528096.526 5073892.766,528108.395 5073937.0,528136.852 5073941.0,528169.495 5073900.0))"
468,27428,"POLYGON((528471.846 5074320.0,528474.115 5074343.0,528489.387 5074341.457,528597.097 5074319.221,528592.232 5074290.73))"
469,27458,"POLYGON((527841.515 5075014.837,527872.388 5074967.256,527849.845 5074905.502,527788.929 5074906.543,527781.64 5074970.062,527790.491 5074970.583))"
470,27460,"POLYGON((528412.661 5074422.344,528398.083 5074415.576,528362.159 5074425.468,528372.051 5074456.186,528415.72 5074445.297))"
471,27464,"POLYGON((528322.696 5073675.97,528299.6 5073613.852,528254.124 5073619.0,528259.807 5073643.0,528274.912 5073697.473,528305.971 5073702.251))"
472,27469,"POLYGON((528822.034 5074037.533,528824.423 5074069.388,528872.206 5074069.388,528871.41 5074035.143))"
473,27471,"POLYGON((528804.424 5073774.0,528589.023 5073718.0,528500.291 5073829.674,528602.656 5073850.859,528687.443 5073878.254,528798.126 5073816.0,528804.424 5073774.0))"
474,27488,"POLYGON((529039.589 5073588.0,529013.617 5073554.0,528968.604 5073580.0,528975.84 5073600.0,528999.541 5073620.0,529018.21 5073621.0,529039.589 5073588.0))"
475,28193,"POLYGON((528823.476 5070995.364,528820.265 5070939.174,528647.536 5070947.9,528654.898 5071038.442,528724.461 5071055.741,528727.953 5071017.037))"
476,28208,"POLYGON((528701.464 5070878.168,528658.21 5070876.497,528642.384 5070923.608,528650.481 5070946.796,528723.137 5070942.385))"
477,28213,"POLYGON((528208.737 5074466.67,528135.158 5074502.003,528138.282 5074510.333,528214.296 5074480.657))"
478,28214,"POLYGON((528181.034 5073986.278,528192.809 5073953.722,528136.852 5073941.0,528108.395 5073937.0,528103.122 5073937.0,528095.833 5073956.493,528094.445 5073988.0,528134.746 5073986.0))"
479,28217,"POLYGON((528969.785 5073732.0,528970.404 5073714.0,528919.873 5073703.0,528967.332 5073741.0,528969.785 5073732.0))"
480,28221,"POLYGON((528331.57 5074290.0,528304.361 5074242.0,528274.961 5074276.0,528320.875 5074296.0,528331.57 5074290.0))"
481,28222,"POLYGON((528967.924 5073749.0,528967.332 5073741.0,528919.873 5073703.0,528889.055 5073687.0,528873.659 5073682.0,528870.37 5073682.0,528873.224 5073691.0,528902.226 5073749.0,528916.91 5073767.0,528926.829 5073775.0,528967.924 5073749.0))"
482,28223,"POLYGON((529192.282 5073917.0,529165.425 5073893.0,529147.22 5073890.0,529148.175 5073906.0,529155.623 5073918.0,529181.23 5073950.0,529192.282 5073917.0))"
483,28224,"POLYGON((529315.891 5073911.0,529224.212 5073822.507,529208.983 5073890.0,529213.182 5073903.0,529251.857 5073914.0,529315.891 5073911.0))"
484,28227,"POLYGON((529131.391 5073637.0,529105.734 5073650.0,529105.948 5073651.0,529113.606 5073654.0,529132.964 5073655.0,529131.391 5073637.0))"
485,28228,"POLYGON((529074.954 5073753.0,529056.388 5073748.0,529051.393 5073757.0,529081.666 5073774.0,529074.954 5073753.0))"
486,28229,"POLYGON((529022.441 5073815.0,529029.321 5073809.0,529013.539 5073794.0,528986.101 5073794.0,528975.32 5073817.0,529022.441 5073815.0))"
487,28230,"POLYGON((529127.224 5073678.0,529131.648 5073676.0,529120.062 5073670.0,529119.669 5073680.0,529127.224 5073678.0))"
488,28231,"POLYGON((529068.377 5074040.0,529094.781 5073998.0,529088.373 5073989.0,528997.24 5074047.089,529010.779 5074089.298,529068.377 5074040.0))"
489,28232,"POLYGON((529057.501 5074126.0,529130.793 5074065.0,529119.902 5074050.0,529094.966 5074060.0,529030.851 5074128.0,529057.501 5074126.0))"
490,28233,"POLYGON((529354.441 5074056.0,529368.359 5074038.329,529317.39 5074006.473,529293.409 5074061.0,529296.302 5074062.0,529354.441 5074056.0))"
491,28234,"POLYGON((529149.186 5074132.0,529115.117 5074144.0,529138.143 5074170.0,529149.186 5074132.0))"
492,28235,"POLYGON((529155.623 5073918.0,529148.175 5073906.0,529132.111 5073935.0,529141.134 5073942.0,529155.623 5073918.0))"
493,28247,"POLYGON((529137.51 5071557.59,529131.296 5071522.081,529055.961 5071542.209,529066.469 5071584.24))"
494,28250,"POLYGON((529421.373 5071277.918,529413.39 5071254.651,529376.209 5071267.653,529388.526 5071292.516,529411.469 5071282.0))"
495,28252,"POLYGON((529006.761 5070964.831,528973.164 5070960.768,528939.422 5071011.0,528967.581 5071024.0))"
496,28253,"POLYGON((528049.789 5072786.0,527927.82 5072740.925,527932.08 5072766.954,528059.52 5072812.0,528061.112 5072806.0,528049.789 5072786.0))"
497,28254,"POLYGON((528431.423 5073940.0,528457.422 5073900.197,528339.289 5073882.129,528330.95 5073959.958,528360.136 5073964.822,528377.133 5073958.0,528431.423 5073940.0))"
498,28255,"POLYGON((527936.557 5074519.176,527929.176 5074492.0,527909.751 5074413.675,527861.305 5074426.955,527891.553 5074542.784,527914.178 5074539.587))"
499,28256,"POLYGON((528334.117 5073953.722,528336.195 5073908.005,528295.457 5073899.0,528276.128 5073905.0,528263.571 5073915.0,528261.385 5073953.029))"
500,28257,"POLYGON((528292.758 5073898.0,528296.712 5073877.527,528238.527 5073874.063,528238.527 5073901.078,528276.128 5073905.0,528292.758 5073898.0))"
501,28258,"POLYGON((528304.332 5073748.687,528289.785 5073717.516,528253.766 5073722.365,528246.839 5073758.385,528262.771 5073769.468,528305.024 5073773.624))"
502,28260,"POLYGON((528170.643 5074063.859,528169.258 5074031.303,528101.375 5074042.386,528102.76 5074059.703,528106.224 5074076.327))"
503,28261,"POLYGON((528105.531 5074075.635,528063.074 5074069.0,528030.721 5074051.391,528015.482 5074078.405,528111.073 5074128.971))"
504,28264,"POLYGON((528112.637 5074388.837,528060.502 5074405.56,528077.612 5074441.979,528092.717 5074423.758,528117.064 5074401.133))"
505,28265,"POLYGON((528142.933 5074443.368,528110.967 5074408.623,528097.764 5074419.742,528125.008 5074457.0))"
506,28266,"POLYGON((528039.359 5074775.862,527961.516 5074754.0,527954.494 5074789.398,528032.126 5074817.642))"
507,28267,"POLYGON((528213.254 5074619.148,528171.603 5074580.62,528173.685 5074569.687,528154.422 5074588.95,528120.58 5074568.645,528089.341 5074650.386,528117.456 5074663.403,528125.266 5074695.683,528166.396 5074713.905,528200.862 5074651.156))"
508,28268,"POLYGON((528403.915 5074324.085,528414.919 5074286.0,528394.267 5074285.0,528378.48 5074290.0,528376.413 5074290.0,528372.636 5074292.0,528349.018 5074303.933,528347.628 5074310.882))"
509,28269,"POLYGON((528683.264 5074096.158,528683.264 5074080.87,528614.469 5074084.345,528615.859 5074098.938))"
510,28270,"POLYGON((528414.497 5074016.0,528422.96 5073978.0,528432.406 5073938.416,528357.356 5073966.212,528358.746 5073996.093,528371.949 5074027.363,528414.497 5074016.0))"
511,28288,"POLYGON((529031.098 5073808.0,529025.695 5073761.0,529012.298 5073769.0,529010.86 5073789.0,529013.539 5073794.0,529029.321 5073809.0,529031.098 5073808.0))"
512,28298,"POLYGON((528723.659 5073488.0,528720.345 5073485.0,528714.848 5073485.0,528689.498 5073570.0,528688.85 5073584.0,528723.659 5073488.0))"
513,28305,"POLYGON((528859.73 5073501.0,528860.438 5073467.0,528825.224 5073442.0,528799.965 5073445.0,528816.459 5073506.339,528859.73 5073501.0))"
514,28316,"POLYGON((528788.491 5073624.0,528776.769 5073576.0,528754.096 5073516.0,528723.659 5073488.0,528688.85 5073584.0,528682.728 5073665.0,528788.491 5073624.0))"
515,28317,"POLYGON((528589.023 5073718.0,528682.728 5073665.0,528688.85 5073584.0,528689.498 5073570.0,528687.361 5073523.0,528632.964 5073461.0,528629.922 5073461.0,528592.673 5073573.236,528494.295 5073641.0,528554.82 5073733.0,528589.023 5073718.0))"
516,28683,"POLYGON((529251.289 5073697.473,529111.876 5073699.0,529099.117 5073704.0,529093.316 5073710.0,529107.415 5073730.0,529226.601 5073734.903))"
517,28700,"POLYGON((528162.244 5074348.0,528156.967 5074337.0,528137.19 5074339.0,528130.532 5074342.0,528136.0 5074351.703,528159.327 5074349.0,528162.244 5074348.0))"
518,28702,"POLYGON((528363.199 5074293.0,528351.797 5074271.273,528330.95 5074284.476,528331.57 5074290.0,528348.226 5074304.0,528363.199 5074293.0))"
519,5,"POLYGON((528500.225 5074519.472,528500.225 5074519.472,528477.652 5074435.627,528529.249 5074413.054,528563.647 5074391.555,528679.74 5074364.681,528731.337 5074372.206,528805.507 5074443.152,528836.681 5074499.048,528854.954 5074552.795,528821.631 5074620.516,528754.985 5074664.589,528648.567 5074683.938,528552.897 5074674.263,528505.6 5074594.718,528500.225 5074516.247))"
520,24,"POLYGON((529762.792 5071202.533,529878.727 5071189.026,530068.389 5071081.398,530277.073 5070810.108,530147.225 5070520.269,529824.699 5070805.201,529695.847 5071048.339,529760.541 5071205.91))"
521,35,"POLYGON((529120.138 5071155.955,529131.024 5071149.303,529123.767 5071139.93,529113.789 5071144.163))"
522,36,"POLYGON((529113.637 5071143.861,529107.741 5071131.615,529115.301 5071129.196,529124.069 5071140.081,529113.789 5071143.71))"
523,37,"POLYGON((529107.893 5071131.917,529135.559 5071120.881,529132.233 5071113.473,529117.719 5071119.369,529110.614 5071108.938,529096.251 5071116.799,529100.031 5071119.974,529106.532 5071127.382,529107.59 5071131.162))"
